Individual,Farmer ID,Farms,Age,Gender,Current employment status,"If ""other"" employment status, please describe",Income currency,Monthly Household Income (Gross),Highest Level of Education,Number of Years Living in Country,Year started gardening (in general),Number of years participated in this garden/farm,Year started participating in this farm/garden,"Since participating in garden/farm, amount of vegetables eaten per week","Since participating in garden/farm, amount of fruits eaten per week","Since participating in garden/farm, amount of meals prepared at home","Have you tried any food from the garden/farm (vegetables, herbs, or fruits) that you had never eaten previously?",Portions of vegetables or fruit eaten each day?,"During growing season, percentage of vegetables and fruits that household eats which come from the garden/farm?",Hours spent in garden/farm per week,"Of hours in the garden, # hours actively gardening",Fraction of time actively gardening,"Importance of having access to fresh vegetables, fruits, or herbs",Importance of learning new things,Importance of sharing what I know with others,Importance of being able to be outdoors,Importance of having a chance to interact with others,Importance of engaging in a fun activity,Importance of contributing to my community,Importance of saving money,Importance of relaxing or releasing stress,Importance of getting some physical exercise,Importance of improving the environment,Importance of changing the way food is produced,Importance of gaining employment skills,Other important motivation,"Importance of ""Other"" motivation",Effects of gardening/farming on my interactions with others,Effects of gardening/farming on my overall mood,Effects of gardening/farming on my diet and nutrition,Effects of gardening/farming on my physical well-being,Effects of gardening/farming on my self-confidence,Effects of gardening/farming on my employment prospects,"Effects of gardening/farming on my other daily activities (work, school, child care)",Other effects of gardening/farming on me,"Importance of ""Other"" effect",City,Record complete?
46,46,,22,Male,I don't want to answer,,,I don't want to answer,I don't want to answer,10-20 years,2019,Less than 1 year,,Remained about the same,Remained about the same,Remained about the same,Tried 1-2 foods never eaten before,01-Feb,Don't know,35,8,22.90%,Very important,Very important,Fairly important,Fairly important,Neutral,Neutral,Neutral,Very important,Very important,Fairly important,Very important,Very important,Very important,,,Strong positive effect,Strong positive effect,No effect at all,Strong positive effect,Slight positive effect,Slight positive effect,Slight positive effect,,,,No
47,47,,20,Male,I don't want to answer,,,I don't want to answer,High School,I don't want to answer,2019,Less than 1 year,,Increased a lot,Increased a lot,Remained about the same,Tried 1-2 foods never eaten before,03-Apr,75%,,,NaN,Neutral,Very important,Fairly important,Fairly important,Fairly important,Fairly important,Fairly important,Not important at all,Fairly important,Fairly important,Very important,Fairly important,Very important,,,Slight positive effect,Slight positive effect,Slight positive effect,Slight positive effect,No effect at all,Slight positive effect,Slight positive effect,,,,No
53,53,,20,Male,Fully employed,,,I don't want to answer,High School,>20 years,2019,Less than 1 year,,Remained about the same,Remained about the same,Remained about the same,Tried 1-2 foods never eaten before,03-Apr,None (0%),8,7,87.50%,Fairly important,Very important,Fairly important,Fairly important,Very important,Very important,Very important,Very important,Fairly important,Fairly important,Fairly important,Fairly important,Fairly important,,,Strong positive effect,Slight positive effect,No effect at all,No effect at all,Slight positive effect,No effect at all,No effect at all,,,,No
14,14,"Wagner,Red Hook,Mariner's Harbor,Howard,Forest,Bay View",23,Male,Fully employed,,Dollar,1001 - 1500,High School,,,Less than 1 year,2019,Remained about the same,Remained about the same,Remained about the same,Tried 3 or more foods never eaten before,01-Feb,25%,24,19,79.20%,Very important,Very important,Neutral,Fairly important,Very important,Fairly important,Very important,Fairly important,Very important,Fairly important,Fairly important,Fairly important,Fairly important,,,No effect at all,No effect at all,Slight positive effect,Strong positive effect,No effect at all,Strong positive effect,Strong positive effect,,,New York,
43,43,"Wagner,Red Hook,Mariner's Harbor,Howard,Forest,Bay View",20,Male,Fully employed,,Dollar,500 - 1000,High School,>20 years,2019,Less than 1 year,,Increased a lot,Remained about the same,Remained about the same,Tried 3 or more foods never eaten before,03-Apr,25%,40,25,62.50%,Very important,Very important,Very important,Fairly important,Fairly important,Very important,Very important,Fairly important,Very important,Very important,Very important,Fairly important,Very important,,,Strong positive effect,Strong positive effect,Strong positive effect,Strong positive effect,Strong positive effect,Slight positive effect,Slight negative effect,,,New York,
44,44,"Wagner,Red Hook,Mariner's Harbor,Howard,Forest,Bay View",20,Male,Fully employed,,Dollar,500 - 1000,High School,Always lived in this country,2019,Less than 1 year,,Remained about the same,Decreased a little,Increased a little,Tried 3 or more foods never eaten before,03-Apr,None (0%),38,34,89.50%,Very important,Very important,Very important,Neutral,Fairly important,Very important,Very important,Very important,Very important,Very important,Very important,Very important,Very important,Teaching my brothers another lifestyle,Very important,Strong positive effect,Strong positive effect,Slight positive effect,Slight positive effect,Strong positive effect,Strong positive effect,No effect at all,,,New York,
45,45,"Wagner,Red Hook,Mariner's Harbor,Howard,Forest,Bay View",22,Male,Unemployed,,Dollar,1001 - 1500,High School,Always lived in this country,2019,Less than 1 year,,Increased a lot,Increased a lot,Increased a lot,Tried 1-2 foods never eaten before,01-Feb,25%,40,30,75.00%,Very important,Very important,Neutral,Neutral,Fairly important,Very important,Neutral,Very important,Very important,Very important,Fairly important,Fairly important,Very important,,,Strong positive effect,Slight positive effect,Slight positive effect,Slight positive effect,Slight positive effect,Slight positive effect,Strong positive effect,,,New York,
48,48,"Wagner,Red Hook,Mariner's Harbor,Howard,Forest,Bay View",19,Other,Unemployed,,Dollar,1001 - 1500,High School,10-20 years,2019,Less than 1 year,,Increased a little,Remained about the same,Increased a little,Tried 3 or more foods never eaten before,03-Apr,50%,8,7,87.50%,Very important,Very important,Very important,Very important,Very important,Very important,Very important,Very important,Very important,Very important,Very important,Very important,Very important,,,Strong positive effect,Strong positive effect,Slight positive effect,Slight positive effect,Strong positive effect,Strong positive effect,Strong positive effect,,,New York,
49,49,"Wagner,Red Hook,Mariner's Harbor,Howard,Forest,Bay View",19,Female,Fully employed,,Dollar,1001 - 1500,University degree,Always lived in this country,2019,Less than 1 year,,Remained about the same,Remained about the same,Remained about the same,Tried 3 or more foods never eaten before,03-Apr,All (100%),,,NaN,Very important,Very important,Neutral,Fairly important,Not so important,Fairly important,Very important,Very important,Very important,Fairly important,Very important,Very important,Very important,,,Strong positive effect,No effect at all,Slight positive effect,Strong positive effect,No effect at all,Strong positive effect,Strong positive effect,,,New York,
50,50,"Wagner,Red Hook,Mariner's Harbor,Howard,Forest,Bay View",19,Male,Unemployed,,Dollar,500 - 1000,High School,10-20 years,2019,Less than 1 year,,Increased a little,Increased a little,Increased a little,Tried 3 or more foods never eaten before,Don't know,50%,40,38,95.00%,Very important,Very important,Very important,Very important,Very important,Very important,Very important,Very important,Very important,Very important,Very important,Very important,Very important,Promoting health,Very important,Strong positive effect,Strong positive effect,Strong positive effect,Strong positive effect,Strong positive effect,Strong positive effect,Slight positive effect,Tolerance,Strong positive effect,New York,
51,51,"Wagner,Red Hook,Mariner's Harbor,Howard,Forest,Bay View",22,Male,Fully employed,,Dollar,500 - 1000,High School,>20 years,2019,Less than 1 year,,Increased a lot,Increased a lot,Increased a little,Tried 1-2 foods never eaten before,05-Jun,25%,45,30,66.70%,Very important,Very important,Very important,Very important,Neutral,Very important,Very important,Very important,Very important,Very important,Very important,Very important,Very important,,,Slight positive effect,Slight positive effect,Slight positive effect,Slight positive effect,Slight positive effect,Slight positive effect,Slight positive effect,,,New York,
52,52,"Wagner,Red Hook,Mariner's Harbor,Howard,Forest,Bay View",23,Male,Fully employed,,Dollar,500 - 1000,High School,>20 years,,Less than 1 year,,Remained about the same,Increased a little,Remained about the same,Tried 1-2 foods never eaten before,01-Feb,25%,30,12,40.00%,Very important,Very important,Fairly important,Fairly important,Fairly important,Very important,Fairly important,Very important,Very important,Fairly important,Very important,Not important at all,Very important,,,Slight positive effect,Slight positive effect,Slight negative effect,Slight positive effect,Slight positive effect,Strong positive effect,Strong positive effect,,,New York,
54,54,"Wagner,Red Hook,Mariner's Harbor,Howard,Forest,Bay View",21,Female,Fully employed,,Dollar,500 - 1000,High School,Always lived in this country,,,,Increased a little,Increased a lot,Remained about the same,Tried 1-2 foods never eaten before,01-Feb,25%,39,5,12.80%,Very important,Neutral,Fairly important,Neutral,Fairly important,Very important,Neutral,Very important,,Very important,Very important,Very important,Very important,,,Slight positive effect,Strong negative effect,No effect at all,Slight positive effect,Slight positive effect,No effect at all,Strong positive effect,,,New York,
55,55,"Wagner,Red Hook,Mariner's Harbor,Howard,Forest,Bay View",19,Male,Unemployed,,Dollar,500 - 1000,High School,1-3 years ,2019,Less than 1 year,,Increased a little,Remained about the same,Increased a little,No,01-Feb,None (0%),8,2,25.00%,Fairly important,Very important,Very important,Neutral,Fairly important,Fairly important,Very important,Fairly important,Fairly important,Fairly important,Very important,Very important,Very important,Emotional growth,Very important,Strong positive effect,No effect at all,Slight positive effect,Slight positive effect,No effect at all,Slight positive effect,Slight positive effect,,,New York,
56,56,"Wagner,Red Hook,Mariner's Harbor,Howard,Forest,Bay View",,Male,Unemployed,,Dollar,1001 - 1500,High School,10-20 years,2019,Less than 1 year,,Increased a lot,Increased a little,Remained about the same,Tried 3 or more foods never eaten before,05-Jun,None (0%),32,32,100.00%,Very important,Neutral,Fairly important,Neutral,Fairly important,Very important,Very important,Very important,Neutral,Very important,Fairly important,Neutral,Very important,,,Strong positive effect,Slight positive effect,Strong negative effect,Slight positive effect,Strong negative effect,Slight positive effect,Slight positive effect,,,New York,
57,57,"Wagner,Red Hook,Mariner's Harbor,Howard,Forest,Bay View",22,Female,Fully employed,,Dollar,500 - 1000,University degree,Always lived in this country,2011,Less than 1 year,,Remained about the same,Remained about the same,Decreased a lot,No,01-Feb,None (0%),40,35,87.50%,Fairly important,Very important,Fairly important,Very important,Neutral,Fairly important,Neutral,Fairly important,Fairly important,Fairly important,Fairly important,Fairly important,Fairly important,,,Slight negative effect,Slight negative effect,No effect at all,No effect at all,Slight positive effect,Slight positive effect,Slight negative effect,,,New York,
58,58,"Wagner,Red Hook,Mariner's Harbor,Howard,Forest,Bay View",22,Male,Fully employed,,Dollar,500 - 1000,High School,Always lived in this country,2019,Less than 1 year,,Remained about the same,Remained about the same,Remained about the same,Tried 1-2 foods never eaten before,01-Feb,None (0%),,,NaN,Very important,Very important,Very important,Very important,Very important,Very important,Very important,Very important,Very important,Very important,Very important,Very important,Very important,,,Strong positive effect,Strong positive effect,No effect at all,Strong positive effect,Strong positive effect,Strong positive effect,Strong positive effect,,,New York,
59,59,"Wagner,Red Hook,Mariner's Harbor,Howard,Forest,Bay View",23,Female,Part-time employment,,Dollar,I don't want to answer,University degree,>20 years,2019,Less than 1 year,,Increased a little,Increased a lot,Increased a little,Tried 3 or more foods never eaten before,03-Apr,25%,8,7,87.50%,Very important,Very important,Very important,Fairly important,Fairly important,Fairly important,Very important,Very important,Very important,Very important,Very important,Very important,Very important,,,Slight positive effect,No effect at all,Slight positive effect,Strong positive effect,Slight positive effect,Slight positive effect,Slight negative effect,,,New York,
60,60,"Wagner,Red Hook,Mariner's Harbor,Howard,Forest,Bay View",23,Female,Part-time employment,,Dollar,500 - 1000,High School,Always lived in this country,2019,Less than 1 year,,Increased a little,Remained about the same,Remained about the same,Tried 1-2 foods never eaten before,01-Feb,25%,40,32,80.00%,Very important,Very important,Very important,Neutral,Fairly important,Very important,Very important,Very important,Very important,Fairly important,Neutral,Very important,Very important,,,Strong positive effect,Strong positive effect,Slight positive effect,Strong positive effect,Strong positive effect,No effect at all,Strong positive effect,,,New York,
61,61,"Wagner,Red Hook,Mariner's Harbor,Howard,Forest,Bay View",22,Male,Fully employed,,Dollar,1001 - 1500,High School,>20 years,2019,Less than 1 year,,Increased a little,Increased a lot,Increased a lot,Tried 3 or more foods never eaten before,03-Apr,25%,8,7,87.50%,Very important,Very important,Very important,Very important,Very important,Very important,Very important,Very important,Very important,Very important,Very important,Very important,Very important,,,Slight positive effect,Strong positive effect,Strong positive effect,Strong positive effect,Strong positive effect,Slight positive effect,Strong positive effect,Grit and dedication,Strong positive effect,New York,
62,62,"Wagner,Red Hook,Mariner's Harbor,Howard,Forest,Bay View",21,Male,Fully employed,,Dollar,1001 - 1500,High School,Always lived in this country,2018,1-5 years,,Increased a little,Increased a little,Remained about the same,Tried 1-2 foods never eaten before,03-Apr,None (0%),30,10,33.30%,Fairly important,Fairly important,Fairly important,Fairly important,Fairly important,Fairly important,Fairly important,Very important,Very important,Very important,Very important,Fairly important,Very important,,,Slight positive effect,Slight positive effect,Slight positive effect,Slight positive effect,No effect at all,Slight positive effect,Slight positive effect,,,New York,
63,63,"Wagner,Red Hook,Mariner's Harbor,Howard,Forest,Bay View",22,Female,Unemployed,,Dollar,Less than 500,High School,10-20 years,2010,1-5 years,,Remained about the same,Increased a little,Remained about the same,Tried 3 or more foods never eaten before,03-Apr,25%,8,5,62.50%,Fairly important,Fairly important,Fairly important,Neutral,Fairly important,Fairly important,Fairly important,Very important,Neutral,Neutral,Fairly important,Fairly important,Fairly important,,,Slight positive effect,Slight positive effect,No effect at all,Slight positive effect,Slight positive effect,Slight positive effect,Slight positive effect,,,New York,
64,64,"Wagner,Red Hook,Mariner's Harbor,Howard,Forest,Bay View",22,Female,"Unemployed,Full time student",,Dollar,1001 - 1500,High School,>20 years,2014,1-5 years,,Increased a little,Don't Know,Remained about the same,Tried 3 or more foods never eaten before,03-Apr,25%,40,30,75.00%,Fairly important,Very important,Very important,Neutral,Fairly important,Very important,Very important,Very important,Very important,Fairly important,Very important,Neutral,Very important,,,Slight positive effect,Slight positive effect,No effect at all,Slight positive effect,Strong positive effect,Slight positive effect,Slight positive effect,,,New York,
65,65,"Wagner,Red Hook,Mariner's Harbor,Howard,Forest,Bay View",23,Male,Unemployed,,Dollar,Less than 500,High School,Always lived in this country,2019,Less than 1 year,,Increased a little,Increased a little,Remained about the same,Tried 1-2 foods never eaten before,01-Feb,25%,35,20,57.10%,Very important,Very important,Fairly important,Very important,Fairly important,Neutral,Very important,Very important,Very important,Fairly important,Very important,Fairly important,Very important,,,Strong positive effect,Slight positive effect,Slight positive effect,Strong positive effect,Strong positive effect,Strong positive effect,Slight positive effect,,,New York,
66,66,"Wagner,Red Hook,Mariner's Harbor,Howard,Forest,Bay View",21,Male,Unemployed,,Dollar,1001 - 1500,High School,I don't want to answer,2019,Less than 1 year,,Increased a little,Increased a little,Decreased a little,Tried 1-2 foods never eaten before,01-Feb,25%,8,8,100.00%,Very important,Very important,Very important,Fairly important,Very important,Fairly important,Very important,Very important,Very important,Very important,Very important,Neutral,Very important,,,Slight positive effect,No effect at all,Slight positive effect,Slight positive effect,Slight positive effect,Slight positive effect,Slight positive effect,,,New York,
8,8,Cranbrook Community Food Garden,30,Male,Fully employed,,Pound,I don't want to answer,University degree,5-10 years,,more than 5 years but less than 10 years,2013,Decreased a little,Increased a little,Increased a little,Tried 3 or more foods never eaten before,01-Feb,,2,2,100.00%,Fairly important,Fairly important,Fairly important,Fairly important,Fairly important,Very important,Very important,Very important,Very important,Not so important,Very important,Very important,Neutral,Introduce my kids to gardening,,Strong positive effect,Strong positive effect,Strong positive effect,Strong positive effect,No effect at all,Strong negative effect,Slight positive effect,Community,,London,
9,9,Cranbrook Community Food Garden,60,Female,Retired,,,I don't want to answer,Vocational Training,Always lived in this country,,more than 5 years but less than 10 years,2011,Decreased a lot,Decreased a lot,Decreased a lot,No,None,None (0%),,,NaN,Not important at all,Not so important,Neutral,Fairly important,Fairly important,Very important,Very important,Neutral,Very important,Very important,Very important,Very important,Very important,,,Slight positive effect,Strong positive effect,No effect at all,Slight positive effect,Slight positive effect,Strong negative effect,Strong positive effect,,,London,
10,10,Cranbrook Community Food Garden,57,Female,Fully employed,,,I don't want to answer,University degree,Always lived in this country,1989,Less than 1 year,2018,Don't Know,Increased a little,Increased a little,Tried 1-2 foods never eaten before,05-Jun,None (0%),2,2,100.00%,Not so important,Fairly important,Fairly important,Fairly important,Fairly important,No response,Very important,No response,Very important,Very important,Very important,,Neutral,Just being in the space,,Strong positive effect,Strong positive effect,Slight positive effect,Strong positive effect,Slight positive effect,No effect at all,Strong positive effect,"Feel happier, well-being is better",,London,
11,11,Cranbrook Community Food Garden,33,Female,Fully employed,,,I don't want to answer,University degree,10-20 years,,more than 5 years but less than 10 years,2013,Remained about the same,Remained about the same,Increased a little,Tried 3 or more foods never eaten before,03-Apr,50%,10,6,60.00%,Fairly important,Not so important,Fairly important,Neutral,Neutral,Neutral,Not so important,Neutral,Neutral,Neutral,Neutral,Not so important,Not so important,,,No effect at all,No effect at all,No effect at all,No effect at all,No effect at all,No effect at all,No effect at all,,,London,
27,27,DE01 Osterbecke,41,Female,Fully employed,,Euro,2001 - 3000,University degree,Always lived in this country,2018,1-5 years,2018,Remained about the same,Increased a little,Increased a lot,Tried 3 or more foods never eaten before,03-Apr,Don't know,20,6,30.00%,Very important,Very important,Fairly important,Fairly important,Fairly important,Fairly important,Fairly important,Not important at all,Fairly important,Very important,Very important,Very important,Not important at all,,,Strong positive effect,Strong positive effect,Slight positive effect,Strong positive effect,No effect at all,No effect at all,Slight positive effect,,,Bochum,Yes
12,12,DE02 Carolinengl…k,51,Female,Homemaker not employed,,Euro,3001 - 4000,University degree,>20 years,2001,more than 10 years,2001,Increased a lot,Increased a lot,Decreased a lot,Tried 3 or more foods never eaten before,03-Apr,All (100%),50,25,50.00%,Very important,Fairly important,Fairly important,Very important,Neutral,Not so important,Fairly important,Not so important,Very important,Very important,Very important,Very important,Not so important,Variety preservaton,Very important,Strong positive effect,Strong positive effect,Strong positive effect,Strong positive effect,Strong positive effect,No effect at all,No effect at all,Relaxation,Strong positive effect,Bochum,Yes
13,13,DE02 Carolinengl…k,53,Male,Fully employed,,Euro,3001 - 4000,University degree,>20 years,2001,more than 10 years,2001,Increased a lot,Increased a lot,Decreased a lot,Tried 3 or more foods never eaten before,03-Apr,All (100%),50,25,50.00%,Very important,Fairly important,Fairly important,Very important,Neutral,Not so important,Fairly important,Not so important,Very important,Very important,Very important,Very important,Not so important,Variety preservaton,Very important,Strong positive effect,Strong positive effect,Strong positive effect,Strong positive effect,Strong positive effect,No effect at all,No effect at all,Relaxation,Strong positive effect,Bochum,Yes
93,93,DE03 Hansa ,75,Male,Retired,,Euro,1001 - 1500,Vocational Training,Always lived in this country,1974,more than 10 years,1974,Remained about the same,Increased a little,Don't Know,No,01-Feb,75%,20,15,75.00%,Very important,Fairly important,Fairly important,Very important,Very important,Very important,Fairly important,Very important,Very important,Very important,Very important,Not so important,Not so important,,,Strong positive effect,No effect at all,No effect at all,Slight positive effect,No effect at all,No effect at all,No effect at all,,,Dortmund,Yes
94,94,DE03 Hansa ,72,Female,Retired,,Euro,Less than 500,Vocational Training,Always lived in this country,,,,,,,,03-Apr,75%,,10,Infinity,Very important,,Fairly important,Very important,Very important,Very important,Fairly important,Not so important,Very important,Not so important,Not so important,Neutral,Not important at all,,,Strong positive effect,Slight positive effect,Strong positive effect,Slight positive effect,Slight positive effect,No effect at all,No effect at all,,,Dortmund,No
28,28,DE04 Hansa,75,Male,Retired,,Euro,1501 - 2000,Basic School,Always lived in this country,1988,more than 10 years,1989,Increased a lot,Increased a lot,Increased a lot,Tried 3 or more foods never eaten before,03-Apr,All (100%),28,7,25.00%,Very important,Very important,Very important,Very important,Very important,Very important,Very important,Not important at all,Not so important,Very important,Fairly important,Neutral,Very important,taking over responsibility and being there for others,Very important,Strong positive effect,Strong positive effect,Strong positive effect,Strong positive effect,Strong positive effect,No effect at all,Slight positive effect,,,Dortmund,Yes
4,4,DE05 LWL-Garten,58,Male,"Part-time employment,Retired",,Euro,I don't want to answer,I don't want to answer,Always lived in this country,2004,more than 10 years,2004,Increased a lot,Increased a little,Remained about the same,Tried 3 or more foods never eaten before,Don't know,75%,25,10,40.00%,Very important,Very important,Neutral,Very important,Neutral,Not so important,Not important at all,Neutral,Very important,Very important,Very important,Not important at all,Not important at all,to have access to unpolluted food ,Very important,Strong positive effect,Strong positive effect,Strong positive effect,Strong positive effect,Strong positive effect,No effect at all,No effect at all,,,L］en,Yes
68,68,DE06 L》kenbeck,36,Male,Fully employed,,Euro,2001 - 3000,University degree,Always lived in this country,1990,1-5 years,2018,Increased a little,Increased a little,Remained about the same,No,03-Apr,All (100%),30,15,50.00%,Very important,Fairly important,Fairly important,Very important,Neutral,Fairly important,Fairly important,Neutral,Fairly important,Fairly important,Fairly important,Very important,Fairly important,,,,Strong positive effect,Slight positive effect,Slight positive effect,No effect at all,No effect at all,No effect at all,,,M］ster,Yes
69,69,DE06 L》kenbeck,31,Female,Fully employed,,Euro,2001 - 3000,University degree,>20 years,1995,1-5 years,2018,Increased a little,Increased a little,Remained about the same,No,03-Apr,All (100%),40,13,32.50%,Very important,Very important,Neutral,Very important,Neutral,Very important,Very important,Not so important,Very important,Very important,Very important,Very important,Fairly important,,,No effect at all,Strong positive effect,Slight positive effect,Strong positive effect,No effect at all,Slight positive effect,Slight positive effect,Partnership,Strong positive effect,M］ster,Yes
67,67,DE07 Am Erlenbusch,76,Male,Retired,,Euro,I don't want to answer,University degree,>20 years,1947,more than 10 years,2008,Remained about the same,Increased a lot,Remained about the same,No,03-Apr,75%,13,7,53.80%,Very important,Not important at all,Neutral,Very important,Neutral,Fairly important,Neutral,Not important at all,Fairly important,Very important,Very important,Very important,Not important at all,,,Slight positive effect,Strong positive effect,Slight positive effect,Strong positive effect,No effect at all,No effect at all,No effect at all,,,M］ster,Yes
6,6,DE08 Gro疇 Dahlkamp,48,Female,Fully employed,,Euro,1501 - 2000,University degree,>20 years,2004,more than 10 years,2004,Remained about the same,Remained about the same,Remained about the same,Tried 3 or more foods never eaten before,01-Feb,50%,30,10,33.30%,Very important,Very important,Fairly important,Very important,Fairly important,Fairly important,Neutral,Not important at all,Very important,Very important,Neutral,Neutral,Neutral,,,Slight positive effect,Slight positive effect,No effect at all,Strong positive effect,No effect at all,No effect at all,No effect at all,,,M］ster,Yes
97,97,DE09 Langemarck,42,Female,Part-time employment,,Euro,1501 - 2000,University degree,>20 years,2015,1-5 years,2015,Increased a lot,Increased a lot,Increased a little,Tried 3 or more foods never eaten before,03-Apr,50%,3,3,100.00%,Fairly important,Not so important,Not important at all,Very important,Fairly important,Fairly important,Very important,Not important at all,Very important,Very important,Very important,Very important,Not important at all,,,Slight positive effect,Strong positive effect,Strong positive effect,Strong positive effect,No effect at all,No effect at all,No effect at all,,,M］ster,Yes
5,5,DE10 Gro疇 Dahlkamp,47,Male,Fully employed,,Euro,"more than 4,000",University degree,>20 years,1973,more than 10 years,2004,Increased a lot,Increased a little,Remained about the same,No,01-Feb,50%,20,18,90.00%,Fairly important,Neutral,Fairly important,Very important,Fairly important,Very important,Very important,Not so important,Fairly important,Very important,Very important,Fairly important,Fairly important,bee-keeping and nature protection ,Very important,Strong positive effect,Strong positive effect,Slight positive effect,Strong positive effect,,Slight positive effect,Slight positive effect,,,M］ster,Yes
7,7,DE11 Hansa,46,Female,Part-time employment,,Euro,2001 - 3000,Vocational Training,Always lived in this country,1997,more than 5 years but less than 10 years,2010,Increased a little,Increased a lot,Remained about the same,Tried 3 or more foods never eaten before,05-Jun,50%,10,3,30.00%,Very important,Fairly important,Fairly important,Very important,Fairly important,Fairly important,Very important,Not important at all,Fairly important,Neutral,Very important,Very important,Fairly important,,,Slight positive effect,Strong positive effect,Strong positive effect,Strong positive effect,No effect at all,Slight positive effect,Slight negative effect,,,M］ster,Yes
95,95,DE12 Kurenholt ,67,Male,Retired,,Euro,2001 - 3000,High School,Always lived in this country,1999,more than 10 years,2001,Remained about the same,Remained about the same,Increased a little,Tried 3 or more foods never eaten before,03-Apr,All (100%),20,10,50.00%,Very important,Very important,Very important,Very important,Very important,Very important,Very important,Very important,Very important,Very important,Very important,Very important,Neutral,Family,Very important,Strong positive effect,Strong positive effect,Strong positive effect,Strong positive effect,Strong positive effect,No effect at all,Strong positive effect,,,Oelde,Yes
89,89,Gorzow 1,49,Female,Homemaker not employed,,Euro,I don't want to answer,High School,Always lived in this country,2008,more than 10 years,2008,Remained about the same,Remained about the same,Remained about the same,No,7 or more,All (100%),30,25,83.30%,Very important,Fairly important,Fairly important,Very important,Fairly important,Fairly important,Neutral,Very important,Very important,Very important,Very important,Very important,Fairly important,,,Strong positive effect,Strong positive effect,Strong positive effect,Strong positive effect,Strong positive effect,No effect at all,No effect at all,,,Gorzow Wlkp,
92,92,Gorzow 2,76,Male,Retired,,Euro,Less than 500,High School,Always lived in this country,1975,more than 10 years,1975,Increased a lot,Increased a lot,Remained about the same,Tried 3 or more foods never eaten before,03-Apr,75%,112,112,100.00%,Very important,Very important,Very important,Very important,Very important,Not so important,Not important at all,Not important at all,Fairly important,Very important,Very important,Very important,Very important,,,Strong positive effect,Strong positive effect,Strong positive effect,Strong positive effect,Strong positive effect,No effect at all,No effect at all,,,Gorzow Wlkp,
91,91,Gorzow 3,43,Male,Fully employed,,Euro,500 - 1000,University degree,>20 years,2005,more than 10 years,2005,Increased a lot,Increased a lot,Increased a lot,Tried 3 or more foods never eaten before,03-Apr,75%,20,10,50.00%,Very important,Fairly important,Fairly important,Very important,Neutral,Fairly important,Neutral,Neutral,Very important,Very important,Fairly important,Very important,Fairly important,,,Strong positive effect,Strong positive effect,Strong positive effect,Strong positive effect,Slight positive effect,No effect at all,Slight negative effect,,,Gorzow Wlkp,
90,90,Gorzow 6,68,Male,Retired,,Euro,Less than 500,University degree,Always lived in this country,1987,more than 10 years,1987,Increased a little,Increased a lot,Increased a lot,Tried 1-2 foods never eaten before,05-Jun,All (100%),30,25,83.30%,Very important,Fairly important,Fairly important,Very important,Fairly important,Not so important,Neutral,Fairly important,Very important,Fairly important,Very important,Neutral,Not so important,testing new varities,Fairly important,Slight positive effect,Strong positive effect,Strong positive effect,Slight positive effect,No effect at all,No effect at all,Strong positive effect,nature experience,Strong positive effect,Gorzow Wlkp,
15,15,"Forest,Bay View,Mariner's Harbor,Red Hook,Wagner,Howard",21,Male,Fully employed,,Dollar,1001 - 1500,University degree,,,Less than 1 year,2019,Increased a little,Decreased a little,Remained about the same,Tried 3 or more foods never eaten before,03-Apr,25%,40,20,50.00%,Fairly important,Fairly important,Neutral,Fairly important,Fairly important,Very important,Fairly important,Fairly important,Fairly important,Very important,Fairly important,Fairly important,Fairly important,,,Slight positive effect,No effect at all,Strong positive effect,Slight positive effect,No effect at all,Slight positive effect,No effect at all,3,,New York,
16,16,"Forest,Bay View,Mariner's Harbor,Red Hook,Wagner,Howard",22,Male,Fully employed,,Dollar,1001 - 1500,High School,,,Less than 1 year,2019,Increased a little,Increased a little,Increased a lot,Tried 1-2 foods never eaten before,01-Feb,None (0%),6,6,100.00%,Neutral,Fairly important,Fairly important,Fairly important,Fairly important,Very important,Very important,Very important,Very important,Fairly important,Very important,Very important,Fairly important,4,,Slight positive effect,Slight positive effect,Slight positive effect,Slight positive effect,Slight positive effect,Slight positive effect,Slight positive effect,,,New York,
17,17,"Forest,Bay View,Mariner's Harbor,Red Hook,Wagner,Howard",19,Female,I don't want to answer,,Dollar,1001 - 1500,Basic School,,,Less than 1 year,2019,Increased a lot,Increased a little,Increased a little,Tried 3 or more foods never eaten before,03-Apr,50%,20,17,85.00%,Very important,Very important,Very important,Fairly important,Very important,Neutral,Fairly important,Fairly important,Fairly important,Very important,Fairly important,Fairly important,Fairly important,,,Strong negative effect,Slight negative effect,Strong negative effect,Strong negative effect,Strong negative effect,Strong negative effect,Strong negative effect,,,New York,
18,18,"Forest,Bay View,Mariner's Harbor,Red Hook,Wagner,Howard",22,Male,I don't want to answer,,Dollar,1001 - 1500,I don't want to answer,,,Less than 1 year,,Increased a little,Increased a lot,Increased a lot,Don't know,03-Apr,50%,38,38,100.00%,Fairly important,Fairly important,Very important,Fairly important,Fairly important,Very important,Fairly important,Fairly important,Fairly important,Fairly important,Fairly important,Fairly important,Fairly important,5,,Strong positive effect,Strong positive effect,Slight positive effect,Slight positive effect,Strong positive effect,Strong positive effect,Slight positive effect,,,New York,
19,19,"Forest,Bay View,Mariner's Harbor,Red Hook,Wagner,Howard",18,Female,Unemployed,,Dollar,I don't want to answer,I don't want to answer,,,Less than 1 year,,Increased a little,Remained about the same,Remained about the same,Tried 1-2 foods never eaten before,01-Feb,None (0%),40,40,100.00%,Very important,Very important,Fairly important,Neutral,Fairly important,Fairly important,Fairly important,Fairly important,Fairly important,Fairly important,Fairly important,Fairly important,Fairly important,,,Slight positive effect,Slight positive effect,Strong positive effect,Strong positive effect,Strong positive effect,Slight positive effect,Slight negative effect,,,New York,
20,20,"Forest,Bay View,Mariner's Harbor,Red Hook,Wagner,Howard",23,Male,Fully employed,,Dollar,I don't want to answer,Vocational Training,,,Less than 1 year,,Increased a lot,Increased a lot,Increased a lot,Tried 3 or more foods never eaten before,03-Apr,50%,30,25,83.30%,Very important,Very important,Very important,Very important,Very important,Fairly important,Fairly important,Fairly important,Fairly important,Fairly important,Fairly important,Fairly important,Fairly important,,,Strong positive effect,Strong positive effect,Strong positive effect,Strong positive effect,Strong positive effect,Strong positive effect,Strong positive effect,,,New York,
21,21,"Forest,Bay View,Mariner's Harbor,Red Hook,Wagner,Howard",18,Male,I don't want to answer,,Dollar,I don't want to answer,High School,,,Less than 1 year,2019,Increased a little,Increased a little,,Tried 1-2 foods never eaten before,01-Feb,None (0%),8,7,87.50%,Fairly important,Fairly important,Neutral,Neutral,Neutral,Neutral,Very important,Fairly important,Very important,Fairly important,Fairly important,Very important,Very important,,,No effect at all,No effect at all,No effect at all,Slight positive effect,No effect at all,Slight positive effect,Slight negative effect,,,New York,
22,22,"Forest,Bay View,Mariner's Harbor,Red Hook,Wagner,Howard",22,Male,Part-time employment,,Dollar,I don't want to answer,High School,,,Less than 1 year,,Remained about the same,Remained about the same,Remained about the same,Tried 1-2 foods never eaten before,03-Apr,None (0%),40,40,100.00%,Neutral,Very important,Neutral,Neutral,Neutral,Neutral,Very important,Very important,Neutral,Very important,Very important,Very important,Very important,,,Strong positive effect,Slight positive effect,Strong positive effect,Strong positive effect,Strong positive effect,Slight positive effect,Slight positive effect,,,New York,
23,23,"Forest,Bay View,Mariner's Harbor,Red Hook,Wagner,Howard",21,Male,Unemployed,,Dollar,I don't want to answer,High School,,,Less than 1 year,,Remained about the same,Remained about the same,Remained about the same,Tried 1-2 foods never eaten before,None,None (0%),8,7,87.50%,Neutral,Neutral,Not so important,Fairly important,Neutral,Not so important,Not so important,Fairly important,Neutral,Very important,Neutral,Neutral,Very important,,,,No effect at all,Slight positive effect,Strong positive effect,No effect at all,Slight positive effect,No effect at all,,,New York,
24,24,"Forest,Bay View,Mariner's Harbor,Red Hook,Wagner,Howard",20,Female,Full time student,,Dollar,I don't want to answer,I don't want to answer,,,Less than 1 year,,Increased a lot,Increased a lot,Decreased a little,No,None,None (0%),0,0,NaN,,,,,,,,,,,,,,,,,,,,,,,,,New York,
25,25,"Forest,Bay View,Mariner's Harbor,Red Hook,Wagner,Howard",20,Female,Fully employed,,Dollar,Less than 500,Vocational Training,,,Less than 1 year,2019,Increased a little,Increased a little,Increased a lot,Tried 3 or more foods never eaten before,None,25%,40,2,5.00%,,,,,,,,,,,,,,,,,,,,,,,,,New York,
26,26,"Forest,Bay View,Mariner's Harbor,Red Hook,Wagner,Howard",19,Female,Fully employed,,Dollar,I don't want to answer,Vocational Training,,,Less than 1 year,,Increased a little,Increased a little,Increased a little,Tried 3 or more foods never eaten before,01-Feb,None (0%),40,30,75.00%,Very important,Fairly important,Very important,Fairly important,Neutral,Neutral,Fairly important,Neutral,Fairly important,Neutral,Fairly important,Fairly important,Neutral,,,Strong positive effect,Strong positive effect,Slight positive effect,Slight positive effect,No effect at all,Slight positive effect,Strong positive effect,,,New York,
98,98,Jedno?? 1,68,Male,Retired,,Euro,500 - 1000,University degree,Always lived in this country,2004,more than 10 years,2004,Increased a little,Increased a little,Remained about the same,Tried 1-2 foods never eaten before,01-Feb,25%,20,20,100.00%,Very important,Fairly important,Fairly important,Very important,Fairly important,Not important at all,Fairly important,Not so important,Very important,Fairly important,Fairly important,Very important,Neutral,,,Slight positive effect,Strong positive effect,Slight positive effect,Slight positive effect,No effect at all,No effect at all,Slight positive effect,,,Gorzow Wlkp,
99,99,Jedno?? 2,72,Male,I don't want to answer,,Euro,Less than 500,High School,Always lived in this country,1997,more than 10 years,1997,Increased a lot,Increased a lot,Increased a lot,Unable to answer because have participated in the garden for so long,01-Feb,25%,8,4,50.00%,Fairly important,Not so important,Very important,Fairly important,Very important,Neutral,Not so important,Very important,Very important,Very important,Fairly important,Not so important,Very important,,,Slight positive effect,Slight positive effect,Strong positive effect,Slight positive effect,Strong positive effect,Slight negative effect,Strong positive effect,,,Gorzow Wlkp,
100,100,Jedno?? 3,44,Male,Fully employed,,Euro,500 - 1000,High School,Always lived in this country,2010,more than 5 years but less than 10 years,2010,Increased a little,Increased a lot,Decreased a little,Tried 3 or more foods never eaten before,Don't know,75%,8,3,37.50%,Fairly important,Fairly important,Fairly important,Very important,Fairly important,Fairly important,Fairly important,Neutral,Very important,Not so important,Fairly important,Neutral,Fairly important,,,,Strong positive effect,Slight positive effect,,Slight positive effect,No effect at all,Slight negative effect,,,Gorzow Wlkp,
87,87,Malwa 1,72,Male,Retired,,Euro,500 - 1000,University degree,Always lived in this country,1987,more than 10 years,1987,Remained about the same,Decreased a little,Remained about the same,Unable to answer because have participated in the garden for so long,03-Apr,25%,18,10,55.60%,Very important,Fairly important,Fairly important,Very important,Fairly important,Neutral,Fairly important,Not so important,Fairly important,Fairly important,Fairly important,Fairly important,Fairly important,,,Slight positive effect,Strong positive effect,Slight positive effect,Slight positive effect,Slight positive effect,Strong positive effect,Slight positive effect,,,Gorzow Wlkp,
88,88,Malwa 4,64,Female,Retired,,Euro,500 - 1000,High School,Always lived in this country,1978,more than 10 years,1978,Increased a lot,Increased a lot,Increased a lot,Tried 1-2 foods never eaten before,03-Apr,75%,10,8,80.00%,Very important,Fairly important,Not so important,Very important,Very important,Not so important,Very important,Neutral,Very important,Neutral,Very important,Very important,Neutral,,,Strong positive effect,Strong positive effect,Strong positive effect,Strong positive effect,Strong positive effect,No effect at all,No effect at all,,,Gorzow Wlkp,
86,86,Malwa 5,72,Male,Retired,,Euro,Less than 500,Vocational Training,Always lived in this country,1978,more than 10 years,1978,Increased a lot,Increased a little,Remained about the same,Tried 1-2 foods never eaten before,01-Feb,75%,30,26,86.70%,Very important,Fairly important,Fairly important,Very important,Fairly important,Not so important,Fairly important,Very important,Very important,Fairly important,Very important,No response,Neutral,,,No effect at all,Slight positive effect,No effect at all,Strong positive effect,Slight positive effect,No effect at all,Slight negative effect,,,Gorzow Wlkp,
77,77,Metalowiec 1,42,Male,Fully employed,,Euro,500 - 1000,High School,Always lived in this country,1990,more than 5 years but less than 10 years,2011,Increased a lot,Increased a lot,Unable to answer because have participated in the garden for so long,Unable to answer because have participated in the garden for so long,05-Jun,75%,27,8,29.60%,Very important,Very important,Very important,Very important,Very important,Fairly important,Fairly important,Neutral,Very important,Fairly important,Very important,Very important,Neutral,,,Slight positive effect,Slight positive effect,Strong positive effect,Strong positive effect,Strong positive effect,No effect at all,No effect at all,,,Gorzow Wlkp,
76,76,Metalowiec 2,54,Female,Fully employed,,Euro,1501 - 2000,University degree,Always lived in this country,2006,more than 10 years,2006,Remained about the same,Remained about the same,Remained about the same,Tried 3 or more foods never eaten before,7 or more,50%,10,7,70.00%,Not so important,Very important,Not so important,Very important,Fairly important,Fairly important,Fairly important,Not important at all,Very important,Fairly important,Not so important,Not so important,Not important at all,,,No effect at all,Strong positive effect,No effect at all,Strong positive effect,Strong positive effect,No effect at all,No effect at all,,,Gorzow Wlkp,
78,78,Metalowiec 3,54,Female,Unemployed,,Euro,I don't want to answer,High School,>20 years,2015,1-5 years,2017,Increased a lot,Increased a lot,Increased a lot,Tried 1-2 foods never eaten before,01-Feb,75%,40,35,87.50%,Very important,Fairly important,Fairly important,Very important,Neutral,Neutral,Neutral,Fairly important,Very important,Neutral,Very important,Very important,Fairly important,nature experience,Very important,Slight positive effect,Strong positive effect,Slight positive effect,Strong positive effect,Strong positive effect,No effect at all,No effect at all,relaks,Strong positive effect,Gorzow Wlkp,
75,75,Metalowiec 5,34,Male,Fully employed,,Euro,500 - 1000,Vocational Training,Always lived in this country,2018,1-5 years,2018,Remained about the same,Remained about the same,Increased a little,Tried 1-2 foods never eaten before,01-Feb,25%,30,15,50.00%,Fairly important,Fairly important,Fairly important,Very important,Fairly important,Fairly important,Very important,Very important,Fairly important,Fairly important,Fairly important,Very important,Neutral,,,Strong positive effect,Slight positive effect,Strong positive effect,Strong positive effect,Slight positive effect,No effect at all,No effect at all,,,Gorzow Wlkp,
85,85,Nowalijka 1,71,Male,Part-time employment,,Euro,500 - 1000,High School,I don't want to answer,1999,more than 10 years,1999,Increased a lot,Increased a lot,Increased a lot,Tried 3 or more foods never eaten before,7 or more,50%,40,25,62.50%,Very important,Very important,Very important,Very important,Not so important,Very important,Very important,Very important,Very important,Very important,Very important,Very important,No response,,,Strong positive effect,Strong positive effect,Strong positive effect,Strong positive effect,Strong positive effect,No effect at all,No effect at all,,,Gorzow Wlkp,
30,30,Sutton Community Farm,60,Male,Retired,,Pound,"more than 4,000",Vocational Training,>20 years,2012,more than 5 years but less than 10 years,2014,Remained about the same,Remained about the same,Remained about the same,Tried 1-2 foods never eaten before,7 or more,25%,15,8,53.30%,Neutral,Fairly important,Fairly important,Fairly important,Very important,Very important,Very important,Not so important,Fairly important,Fairly important,Very important,Very important,Not important at all,,,Slight positive effect,Slight positive effect,No effect at all,Slight positive effect,No effect at all,No effect at all,No effect at all,,,London,
31,31,Sutton Community Farm,59,Female,Part-time employment,,,I don't want to answer,University degree,Always lived in this country,1996,1-5 years,2016,Increased a little,Remained about the same,Remained about the same,Tried 3 or more foods never eaten before,05-Jun,25%,3,3,100.00%,Fairly important,Fairly important,Fairly important,Very important,Very important,Very important,Very important,Not so important,Very important,Very important,Very important,Very important,Not so important,,,Slight positive effect,Slight positive effect,Slight positive effect,Strong positive effect,Slight positive effect,No effect at all,Slight positive effect,,,London,
32,32,Sutton Community Farm,35,Male,Fully employed,,,I don't want to answer,University degree,Always lived in this country,2016,1-5 years,2016,Increased a lot,Increased a little,Increased a lot,Unable to answer because have participated in the garden for so long,01-Feb,Don't know,3,2,66.70%,Very important,Very important,Fairly important,Very important,Fairly important,Fairly important,Very important,Very important,Very important,Fairly important,Fairly important,Very important,Fairly important,,,Strong positive effect,Strong positive effect,Strong positive effect,Slight positive effect,Slight positive effect,Slight positive effect,No effect at all,,,London,
33,33,Sutton Community Farm,66,Female,Retired,,,I don't want to answer,University degree,>20 years,2016,1-5 years,2017,Increased a little,Remained about the same,Increased a little,No,05-Jun,25%,4,0,0.00%,Very important,Fairly important,Fairly important,Not important at all,Very important,Fairly important,Very important,Neutral,Fairly important,Neutral,Very important,Fairly important,Neutral,,,Strong positive effect,Strong positive effect,Slight positive effect,Slight positive effect,Slight positive effect,No effect at all,Slight positive effect,,,London,
34,34,Sutton Community Farm,20,Female,"Part-time employment,Full time student",,Pound,Less than 500,High School,Always lived in this country,2009,Less than 1 year,1,Increased a lot,Remained about the same,Remained about the same,Tried 1-2 foods never eaten before,03-Apr,None (0%),4,3,75.00%,Very important,Neutral,Neutral,Very important,Not so important,Fairly important,Very important,Neutral,Fairly important,Very important,Very important,Very important,Not so important,,,Slight positive effect,Strong positive effect,Strong positive effect,Strong positive effect,No effect at all,Slight positive effect,Slight positive effect,,,London,
35,35,Sutton Community Farm,31,Male,Fully employed,,Pound,1501 - 2000,Vocational Training,Always lived in this country,2017,1-5 years,2017,Increased a lot,Increased a little,Increased a little,Tried 1-2 foods never eaten before,03-Apr,25%,5,4,80.00%,Fairly important,Very important,Neutral,Fairly important,Fairly important,Fairly important,Fairly important,Neutral,Fairly important,Fairly important,Fairly important,Fairly important,Not so important,,,Slight positive effect,Slight positive effect,Slight positive effect,Slight positive effect,Slight positive effect,No effect at all,No effect at all,,,London,
36,36,Sutton Community Farm,26,Male,Part-time employment,,Pound,1501 - 2000,University degree,Always lived in this country,2018,Less than 1 year,1,Increased a lot,Increased a little,Increased a little,Tried 3 or more foods never eaten before,03-Apr,25%,7,5,71.40%,Fairly important,Very important,Neutral,Very important,Fairly important,Fairly important,Fairly important,Neutral,Very important,Fairly important,Fairly important,Fairly important,Neutral,,,Slight positive effect,Slight positive effect,Slight positive effect,Slight positive effect,Slight positive effect,Slight positive effect,Strong positive effect,,,London,
37,37,Sutton Community Farm,36,Female,,,,I don't want to answer,University degree,Always lived in this country,2019,Less than 1 year,2019,Remained about the same,Remained about the same,Remained about the same,Tried 1-2 foods never eaten before,05-Jun,25%,4,3,75.00%,Very important,Fairly important,Not so important,Very important,Fairly important,Fairly important,Fairly important,Very important,Very important,Very important,Very important,Fairly important,Not so important,Learning about food production,Fairly important,Slight positive effect,Slight positive effect,No effect at all,Slight positive effect,No effect at all,Slight positive effect,No effect at all,,,London,
38,38,Sutton Community Farm,63,Female,Part-time employment,,Pound,500 - 1000,University degree,>20 years,1985,more than 5 years but less than 10 years,,Increased a lot,Increased a little,Remained about the same,Tried 3 or more foods never eaten before,05-Jun,All (100%),5,5,100.00%,Very important,Fairly important,Fairly important,Very important,Fairly important,Neutral,Neutral,Neutral,Fairly important,Fairly important,Very important,Very important,Neutral,Contributing,,Strong positive effect,Strong positive effect,Strong positive effect,Strong positive effect,Strong positive effect,No effect at all,No effect at all,,,London,
83,83,Tulipan 1,67,Female,Retired,,Euro,Less than 500,High School,Always lived in this country,1982,more than 10 years,1982,Increased a lot,Increased a lot,Remained about the same,Tried 3 or more foods never eaten before,01-Feb,All (100%),38,20,52.60%,Very important,Fairly important,Fairly important,Very important,Very important,Very important,Very important,Fairly important,Very important,Very important,Very important,Very important,Fairly important,"health, contacts with people",Very important,Strong positive effect,Strong positive effect,Strong positive effect,Strong positive effect,Strong positive effect,Slight positive effect,No effect at all,,,Gorzow Wlkp,
79,79,Tulipan 2,68,Male,Retired,,Euro,Less than 500,University degree,Always lived in this country,1986,more than 10 years,1986,Increased a lot,Remained about the same,Don't Know,Unable to answer because have participated in the garden for so long,Don't know,50%,20,15,75.00%,Fairly important,Neutral,Fairly important,Very important,Neutral,Not so important,Neutral,Not so important,Fairly important,Fairly important,Fairly important,Fairly important,Neutral,,,Slight positive effect,Slight positive effect,No effect at all,Slight positive effect,Slight positive effect,No effect at all,No effect at all,,,Gorzow Wlkp,
81,81,Tulipan 3,66,Female,Retired,,Euro,I don't want to answer,Vocational Training,Always lived in this country,1988,more than 10 years,1988,Unable to answer because have participated in the garden for so long,Unable to answer because have participated in the garden for so long,Increased a lot,Tried 3 or more foods never eaten before,03-Apr,50%,30,25,83.30%,Very important,Fairly important,Very important,Very important,Very important,Fairly important,Fairly important,Fairly important,Very important,Very important,Very important,Very important,Fairly important,,,Strong positive effect,Strong positive effect,Strong positive effect,Strong positive effect,Strong positive effect,No effect at all,No effect at all,,,Gorzow Wlkp,
84,84,Tulipan 4,70,Male,Retired,,Euro,500 - 1000,University degree,Always lived in this country,1978,more than 10 years,1988,Remained about the same,Remained about the same,Remained about the same,Tried 3 or more foods never eaten before,03-Apr,75%,24,24,100.00%,Fairly important,Neutral,Neutral,Very important,Not so important,Not so important,Not so important,Neutral,Neutral,Neutral,Neutral,Fairly important,Neutral,,,Slight positive effect,Strong positive effect,Strong positive effect,Strong positive effect,Strong positive effect,No effect at all,No effect at all,,,Gorzow Wlkp,
82,82,Tulipan 5,62,Female,Retired,,Euro,500 - 1000,High School,Always lived in this country,1983,more than 10 years,1983,Increased a lot,Increased a little,Increased a lot,Tried 3 or more foods never eaten before,03-Apr,50%,30,25,83.30%,Fairly important,Fairly important,Very important,Very important,Very important,Fairly important,Neutral,Not so important,Very important,Very important,Very important,Very important,Very important,,,Strong positive effect,Strong positive effect,Strong positive effect,Strong positive effect,Strong positive effect,No effect at all,No effect at all,,,Gorzow Wlkp,
80,80,Tulipan 6,63,Female,Retired,,Euro,500 - 1000,Vocational Training,Always lived in this country,1985,more than 10 years,1985,Unable to answer because have participated in the garden for so long,Increased a lot,Increased a lot,Tried 3 or more foods never eaten before,03-Apr,75%,20,15,75.00%,Very important,Fairly important,Neutral,Very important,Very important,Fairly important,Neutral,Not so important,Very important,Fairly important,Very important,Very important,Very important,,,Strong positive effect,Strong positive effect,Strong positive effect,Strong positive effect,Strong positive effect,,,,,Gorzow Wlkp,
101,101,Tulipan 7,33,Female,Fully employed,,Euro,I don't want to answer,University degree,>20 years,2010,more than 5 years but less than 10 years,2010,Increased a lot,Increased a lot,Increased a little,Tried 1-2 foods never eaten before,01-Feb,50%,10,5,50.00%,Fairly important,Fairly important,Neutral,Very important,Fairly important,Neutral,Fairly important,Not so important,Fairly important,Fairly important,Very important,Very important,Fairly important,,,No effect at all,Slight positive effect,Slight positive effect,Strong positive effect,No effect at all,No effect at all,,,,Gorzow Wlkp,
102,102,Slade Gardens,30,Female,I don't want to answer,,Pound,I don't want to answer,University degree,<1 year,2019,Less than 1 year,2019,Remained about the same,Remained about the same,Remained about the same,Tried 1-2 foods never eaten before,01-Feb,None (0%),2,2,100.00%,Neutral,Very important,Neutral,Very important,Very important,Very important,Very important,Neutral,Very important,Very important,Very important,Neutral,Neutral,,,Slight positive effect,Slight positive effect,Slight positive effect,No effect at all,No effect at all,No effect at all,No effect at all,,,London,
103,103,Slade Gardens,70,Male,Retired,,Pound,I don't want to answer,High School,Always lived in this country,1950,more than 10 years,2009,Increased a lot,Increased a lot,Remained about the same,Tried 1-2 foods never eaten before,03-Apr,25%,10,6,60.00%,Very important,Very important,Fairly important,No response,Fairly important,Fairly important,Very important,Very important,Very important,Very important,Very important,Very important,Fairly important,Mental health,No response,Strong positive effect,Strong positive effect,Strong positive effect,Strong positive effect,Strong positive effect,No effect at all,No effect at all,,,London,
104,104,Slade Gardens,50,Male,Fully employed,,Pound,"more than 4,000",University degree,Always lived in this country,1994,Less than 1 year,2019,Remained about the same,Remained about the same,Remained about the same,No,05-Jun,25%,2,2,100.00%,Very important,Very important,Very important,Very important,Very important,Very important,Very important,Neutral,Fairly important,Fairly important,Very important,Very important,Not important at all,,,No effect at all,Slight positive effect,No effect at all,Slight positive effect,No effect at all,No effect at all,Slight negative effect,,,London,
105,105,Slade Gardens,22,Male,"Unemployed,Full time student",,Pound,500 - 1000,University degree,3-5 years ,2019,Less than 1 year,2019,Remained about the same,Remained about the same,Remained about the same,Tried 3 or more foods never eaten before,01-Feb,25%,5,4,80.00%,Very important,Very important,Very important,Fairly important,Very important,Very important,Very important,Very important,Very important,Very important,Very important,Very important,Very important,Having time to garden,Very important,Strong positive effect,Strong positive effect,Slight positive effect,Slight positive effect,Strong positive effect,Strong positive effect,Strong positive effect,My networking,Strong positive effect,London,
70,70,Ustronie 1,36,Female,Fully employed,,Euro,500 - 1000,University degree,Always lived in this country,2009,more than 10 years,2009,Decreased a little,Increased a lot,Increased a lot,Tried 3 or more foods never eaten before,03-Apr,25%,40,3,7.50%,Very important,Fairly important,Very important,Very important,Very important,Fairly important,Very important,Very important,Very important,Fairly important,Very important,Fairly important,Fairly important,,,Strong positive effect,Strong positive effect,Strong positive effect,Strong positive effect,Strong positive effect,No effect at all,Strong positive effect,,,Gorzow Wlkp,
72,72,Ustronie 2,49,Female,Fully employed,,Euro,500 - 1000,University degree,Always lived in this country,2018,1-5 years,2018,Increased a lot,Remained about the same,Remained about the same,No,01-Feb,25%,18,10,55.60%,Fairly important,Very important,Fairly important,Fairly important,Very important,Very important,Very important,Fairly important,Very important,Fairly important,Fairly important,Fairly important,Fairly important,,,Slight positive effect,Strong positive effect,Slight positive effect,Slight positive effect,Slight positive effect,No effect at all,No effect at all,,,Gorzow Wlkp,
74,74,Ustronie 3,65,Female,Retired,,Euro,Less than 500,High School,Always lived in this country,2002,more than 10 years,2002,Increased a lot,Increased a lot,Remained about the same,Tried 1-2 foods never eaten before,01-Feb,75%,40,30,75.00%,Very important,Not so important,Fairly important,Very important,Very important,Neutral,Fairly important,Not so important,Very important,Fairly important,Fairly important,Fairly important,Neutral,,,Strong positive effect,Strong positive effect,Strong positive effect,Strong positive effect,Strong positive effect,No effect at all,No effect at all,,,Gorzow Wlkp,
71,71,Ustronie 4 ,62,Male,Fully employed,,Euro,500 - 1000,Vocational Training,Always lived in this country,1992,more than 10 years,1992,Increased a lot,Increased a lot,Remained about the same,Tried 3 or more foods never eaten before,7 or more,50%,48,4,8.30%,Very important,Very important,Very important,Very important,Very important,Very important,Very important,Very important,Very important,Very important,Very important,Very important,Very important,,,Strong positive effect,Strong positive effect,Strong positive effect,Strong positive effect,Strong positive effect,Strong positive effect,Strong positive effect,,,Gorzow Wlkp,
73,73,Ustronie 5,64,Female,Retired,,Euro,Less than 500,Basic School,Always lived in this country,,more than 5 years but less than 10 years,,Increased a lot,Increased a lot,Remained about the same,No,03-Apr,75%,60,25,41.70%,Very important,Not so important,Fairly important,Very important,Very important,Neutral,Fairly important,Not so important,Very important,Fairly important,Fairly important,Fairly important,Fairly important,,,Slight positive effect,Strong positive effect,Strong positive effect,Slight positive effect,Slight positive effect,No effect at all,No effect at all,,,Gorzow Wlkp,
41,41,"Bay View,Howard,Mariner's Harbor,Red Hook,Forest,Wagner",20,Male,Fully employed,,Dollar,500 - 1000,High School,>20 years,2019,Less than 1 year,,Increased a little,Remained about the same,Remained about the same,Tried 1-2 foods never eaten before,03-Apr,25%,8,7,87.50%,Fairly important,Very important,Very important,Fairly important,Fairly important,Very important,Very important,Very important,Very important,Very important,Very important,Fairly important,Very important,,,Slight positive effect,No effect at all,Slight positive effect,No effect at all,Slight positive effect,Strong positive effect,Slight positive effect,,,New York,
42,42,"Bay View,Howard,Mariner's Harbor,Red Hook,Forest,Wagner",19,Female,Fully employed,,Dollar,Less than 500,High School,10-20 years,2019,Less than 1 year,,Unable to answer because have participated in the garden for so long,Unable to answer because have participated in the garden for so long,Unable to answer because have participated in the garden for so long,Tried 1-2 foods never eaten before,Don't know,25%,40,8,20.00%,Very important,Very important,Very important,Neutral,Neutral,Neutral,Neutral,Very important,Very important,Very important,Very important,Very important,Very important,,,Strong positive effect,Strong positive effect,Strong positive effect,Strong positive effect,Strong positive effect,Strong positive effect,Strong positive effect,Grit,Strong positive effect,New York,
106,106,Nowalijka 6,79,Male,Retired,,Euro,I don't want to answer,High School,Always lived in this country,2010,more than 5 years but less than 10 years,2010,Increased a lot,Increased a lot,Remained about the same,Tried 3 or more foods never eaten before,03-Apr,75%,36,20,55.60%,Very important,Very important,Very important,Very important,Very important,Very important,Very important,Fairly important,Very important,Very important,Very important,Very important,Very important,,,Strong positive effect,Strong positive effect,Strong positive effect,Strong positive effect,Strong positive effect,Strong positive effect,Strong positive effect,,,Gorzow Wlkp,
107,107,Gorzow 4 ,56,Female,Fully employed,,Euro,500 - 1000,University degree,Always lived in this country,1985,more than 10 years,1985,Increased a little,Increased a little,Remained about the same,Tried 1-2 foods never eaten before,01-Feb,75%,8,8,100.00%,Very important,Very important,Fairly important,Very important,Neutral,Not so important,Not so important,Fairly important,Very important,Very important,Very important,Very important,Very important,,,Slight positive effect,Strong positive effect,Strong positive effect,Strong positive effect,Strong positive effect,No effect at all,No effect at all,,,Gorzow Wlkp,
108,108,Gorzow 5,56,Female,Fully employed,,Euro,500 - 1000,High School,Always lived in this country,1995,more than 10 years,1995,Unable to answer because have participated in the garden for so long,Unable to answer because have participated in the garden for so long,Remained about the same,Unable to answer because have participated in the garden for so long,03-Apr,25%,10,10,100.00%,Very important,Very important,Fairly important,Very important,Fairly important,Fairly important,Fairly important,Very important,Very important,Very important,Very important,Very important,Very important,,,Strong positive effect,Strong positive effect,Strong positive effect,Strong positive effect,Strong positive effect,No effect at all,No effect at all,,,Gorzow Wlkp,
109,109,Metalowiec 4,25,Male,Fully employed,,Euro,500 - 1000,Vocational Training,Always lived in this country,2018,1-5 years,2018,Don't Know,Don't Know,Decreased a lot,No,01-Feb,None (0%),42,24,57.10%,Fairly important,Very important,Very important,Very important,Very important,Very important,Fairly important,Very important,Very important,Fairly important,Fairly important,Fairly important,Fairly important,,,Strong positive effect,Strong positive effect,Strong positive effect,Strong positive effect,Strong positive effect,Slight positive effect,Slight positive effect,,,Gorzow Wlkp,
110,110,Nowalijka 4,69,Male,Retired,,Euro,I don't want to answer,Vocational Training,Always lived in this country,1988,more than 10 years,1988,Increased a little,Increased a lot,Increased a little,Unable to answer because have participated in the garden for so long,7 or more,50%,18,12,66.70%,Very important,Very important,Very important,Very important,Fairly important,Very important,Very important,Very important,Fairly important,Very important,Very important,Very important,Fairly important,,,Strong positive effect,Strong positive effect,Slight positive effect,Slight positive effect,Strong positive effect,No effect at all,No effect at all,,,Gorzow Wlkp,
111,111,Nowalijka 2,70,Male,Retired,,Euro,I don't want to answer,High School,Always lived in this country,1984,more than 10 years,1984,Increased a lot,Increased a lot,Unable to answer because have participated in the garden for so long,Tried 3 or more foods never eaten before,03-Apr,75%,28,28,100.00%,Very important,Very important,Very important,Very important,Neutral,Not so important,No response,Very important,Very important,Neutral,Very important,Very important,Not important at all,,,No effect at all,Strong positive effect,Strong positive effect,Strong positive effect,Strong positive effect,No effect at all,No effect at all,,,Gorzow Wlkp,
112,112,Nowalijka 3,60,Male,Fully employed,,Euro,I don't want to answer,Vocational Training,10-20 years,2002,more than 10 years,2002,Increased a lot,Increased a lot,Increased a lot,Don't know,7 or more,75%,28,20,71.40%,Very important,Fairly important,Very important,Very important,Fairly important,Neutral,Neutral,Neutral,Fairly important,Not so important,Very important,Very important,Not important at all,,,No effect at all,Strong positive effect,Strong positive effect,Strong positive effect,No effect at all,No effect at all,No effect at all,,,Gorzow Wlkp,
113,113,JE4,54,Female,Retired,,Euro,3001 - 4000,Vocational Training,>20 years,,1-5 years,2016,Remained about the same,Remained about the same,Remained about the same,No,03-Apr,50%,20,10,50.00%,Very important,No response,No response,No response,Fairly important,Very important,No response,Not important at all,Fairly important,Not so important,Very important,,,,,,,,,,,,,,Nantes,
114,114,JE9,61,Male,Retired,,Euro,2001 - 3000,Vocational Training,Always lived in this country,,more than 10 years,1980,Increased a lot,Increased a lot,Increased a little,Tried 3 or more foods never eaten before,03-Apr,75%,10,6,60.00%,Very important,No response,No response,No response,Fairly important,Fairly important,No response,Not important at all,Fairly important,Not so important,Fairly important,,,,,,,,,,,,,,Nantes,
115,115,JE37A,62,Male,Retired,,Euro,,Vocational Training,Always lived in this country,1982,more than 5 years but less than 10 years,2014,Increased a little,Increased a little,Remained about the same,No,03-Apr,25%,14,11,78.60%,Fairly important,No response,No response,No response,Fairly important,Fairly important,No response,Not so important,Not so important,Not so important,Fairly important,,,,,,,,,,,,,,Nantes,
116,116,JE39,62,Male,Retired,,Euro,,High School,Always lived in this country,1985,more than 10 years,1985,Remained about the same,Remained about the same,Remained about the same,No,05-Jun,50%,8,8,100.00%,Fairly important,No response,No response,No response,Fairly important,Very important,No response,Fairly important,Very important,Very important,Very important,,,,,,,,,,,,,,Nantes,
117,117,JE50,66,Female,Retired,,Euro,,High School,Always lived in this country,,more than 10 years,1997,Remained about the same,Remained about the same,Remained about the same,Tried 1-2 foods never eaten before,03-Apr,50%,21,11,52.40%,Very important,No response,No response,No response,Very important,Very important,No response,Not important at all,Very important,Not so important,Fairly important,,,,,,,,,,,,,,Nantes,
118,118,JE52,64,Male,Retired,,Euro,,Vocational Training,Always lived in this country,2002,more than 10 years,2002,Remained about the same,Remained about the same,Remained about the same,No,03-Apr,25%,21,11,52.40%,Very important,No response,No response,No response,Very important,Fairly important,No response,Fairly important,Very important,Very important,No response,,,,,,,,,,,,,,Nantes,
119,119,JE57,69,Male,Retired,,Euro,"more than 4,000",University degree,>20 years,2010,more than 5 years but less than 10 years,2010,Increased a little,Increased a little,Remained about the same,No,03-Apr,50%,25,12,48.00%,Fairly important,No response,No response,No response,Not so important,Very important,,Not important at all,Not important at all,Fairly important,Not so important,,,,,,,,,,,,,,Nantes,
120,120,JE60,69,Female,Retired,,Euro,1501 - 2000,High School,Always lived in this country,,more than 10 years,1999,Remained about the same,Remained about the same,Remained about the same,Tried 3 or more foods never eaten before,05-Jun,75%,25,19,76.00%,Very important,,,,Very important,Fairly important,,Not so important,Fairly important,Fairly important,Fairly important,,,,,,,,,,,,,,Nantes,
121,121,JE23A,34,Female,Fully employed,,Euro,1501 - 2000,University degree,Always lived in this country,1997,Less than 1 year,2019,Remained about the same,Remained about the same,Remained about the same,No,05-Jun,Don't know,6,6,100.00%,Very important,,,,Very important,Fairly important,,Not so important,Very important,Not important at all,Fairly important,,,,,,,,,,,,,,Nantes,
122,122,JE36,77,Male,Retired,,Euro,2001 - 3000,Vocational Training,Always lived in this country,1957,more than 10 years,1984,Remained about the same,Remained about the same,Remained about the same,No,05-Jun,All (100%),7,,0.00%,Very important,,,,Not important at all,Not so important,,Very important,Not important at all,Not important at all,Very important,,,,,,,,,,,,,,Nantes,
123,123,JE38,,,,,,,,,,,,,,,,,,,,NaN,,,,,,,,,,,,,,,,,,,,,,,,,Nantes,
124,124,Calthorpe,53,Male,Retired,,Pound,1501 - 2000,University degree,Always lived in this country,2016,1-5 years,2017,Increased a little,Remained about the same,Remained about the same,Tried 1-2 foods never eaten before,05-Jun,25%,2,2,100.00%,Not important at all,Fairly important,Neutral,Very important,Fairly important,Fairly important,Fairly important,Not important at all,Fairly important,Very important,Fairly important,Fairly important,Not important at all,,,Slight positive effect,Slight positive effect,Slight positive effect,Slight positive effect,Slight positive effect,No effect at all,No effect at all,,,London,Yes
125,125,Calthorpe,,,Part-time employment,part-time student,Pound,I don't want to answer,University degree,Always lived in this country,2019,Less than 1 year,2019,Remained about the same,Remained about the same,Remained about the same,No,03-Apr,None (0%),3,3,100.00%,Not important at all,Fairly important,Fairly important,Very important,Neutral,Neutral,Very important,Not important at all,Fairly important,Fairly important,Very important,Neutral,Fairly important,,,Slight positive effect,Slight positive effect,No effect at all,No effect at all,No effect at all,Slight positive effect,No effect at all,,,London,Yes
126,126,Calthorpe,54,Female,Part-time employment,,Pound,500 - 1000,University degree,>20 years,2009,Less than 1 year,2019,Increased a lot,Increased a lot,Remained about the same,Tried 3 or more foods never eaten before,7 or more,25%,5,4,80.00%,Very important,Very important,Very important,Fairly important,Fairly important,Very important,Very important,Fairly important,Very important,Very important,Very important,Fairly important,,,,Strong positive effect,Strong positive effect,Strong positive effect,Strong positive effect,Strong positive effect,Strong positive effect,Strong positive effect,,,London,Yes
127,127,Calthorpe,59,Male,Other,volunteer,Pound,I don't want to answer,Vocational Training,>20 years,2004,more than 5 years but less than 10 years,2010,Increased a lot,Increased a lot,Increased a lot,Tried 1-2 foods never eaten before,05-Jun,50%,8,6,75.00%,Very important,Very important,Very important,Very important,Very important,Very important,Very important,Very important,Very important,Very important,Very important,Very important,Very important,,,Strong positive effect,Strong positive effect,Strong positive effect,Strong positive effect,Strong positive effect,Strong positive effect,Strong positive effect,,,London,Yes
128,128,Calthorpe,55,Female,Fully employed,,Pound,I don't want to answer,Vocational Training,Always lived in this country,2014,1-5 years,2014,Increased a lot,Increased a lot,Increased a lot,Tried 1-2 foods never eaten before,7 or more,25%,5,4,80.00%,Very important,Very important,Very important,Very important,Neutral,Fairly important,Very important,Not important at all,Fairly important,Fairly important,Very important,Neutral,Neutral,,,No effect at all,Slight positive effect,Slight positive effect,Slight positive effect,No effect at all,Slight positive effect,No effect at all,,,London,Yes
129,129,Calthorpe,,Male,"Unemployed,Retired",,Pound,Less than 500,University degree,>20 years,2019,Less than 1 year,2019,Increased a little,Remained about the same,Increased a little,Tried 1-2 foods never eaten before,01-Feb,25%,4,4,100.00%,Fairly important,Fairly important,Fairly important,Very important,Fairly important,Fairly important,Fairly important,Not important at all,Fairly important,Fairly important,Fairly important,Fairly important,Not important at all,fresh delectable air in an asphalt jungle,,Slight positive effect,Slight positive effect,Slight positive effect,Slight positive effect,No effect at all,No effect at all,No effect at all,fresh air - proximity to nature,,London,Yes
130,130,Calthorpe,46,Female,,part-time student,Pound,I don't want to answer,Basic School,Always lived in this country,2014,1-5 years,2014,Increased a little,Increased a little,Remained about the same,Tried 1-2 foods never eaten before,03-Apr,None (0%),6,4,66.70%,Neutral,Very important,Neutral,Fairly important,Very important,Very important,Fairly important,Not important at all,Fairly important,Neutral,Neutral,Neutral,Neutral,feeling useful and appreciated,Very important,Strong positive effect,Strong positive effect,Slight positive effect,Slight positive effect,Strong positive effect,Slight positive effect,No effect at all,self-worth,Strong positive effect,London,Yes
131,131,Calthorpe,56,Female,Unemployed,,Pound,500 - 1000,University degree,>20 years,2019,Less than 1 year,2019,Don't Know,Don't Know,Decreased a little,Tried 3 or more foods never eaten before,7 or more,25%,1,1,100.00%,Very important,Very important,Very important,Not so important,Very important,Very important,Very important,Neutral,Fairly important,Fairly important,Very important,Very important,Not so important,leaving home,,Strong positive effect,Strong positive effect,No effect at all,Slight positive effect,Strong positive effect,No effect at all,Strong positive effect,,,London,Yes
132,132,Calthorpe,75,Female,Retired,,Pound,Less than 500,University degree,>20 years,2008,more than 5 years but less than 10 years,2008,Increased a lot,Increased a lot,Increased a lot,Tried 3 or more foods never eaten before,05-Jun,50%,6,4,66.70%,Very important,Very important,,Fairly important,Very important,Fairly important,Fairly important,Not important at all,Fairly important,Neutral,Neutral,Fairly important,Very important,outdoor,,Slight negative effect,,Strong positive effect,Slight positive effect,Strong positive effect,Strong negative effect,Strong negative effect,,,London,Yes
133,133,Calthorpe,67,Female,Retired,,Pound,I don't want to answer,I don't want to answer,>20 years,2018,1-5 years,2018,Increased a lot,Increased a lot,Increased a lot,Tried 1-2 foods never eaten before,03-Apr,50%,3,3,100.00%,Fairly important,Fairly important,Fairly important,Fairly important,Fairly important,Fairly important,Fairly important,Neutral,Fairly important,Fairly important,Fairly important,Fairly important,Not important at all,,,Slight positive effect,Slight positive effect,Slight positive effect,Slight positive effect,Slight positive effect,,,,,London,Yes
134,134,Calthorpe,71,Female,Retired,,Pound,I don't want to answer,University degree,>20 years,2014,1-5 years,2014,Increased a lot,Increased a lot,Decreased a little,Tried 1-2 foods never eaten before,03-Apr,25%,3,2,66.70%,Not important at all,Very important,Very important,Very important,Very important,Very important,Very important,Fairly important,Very important,Very important,Very important,Very important,Not important at all,,,Strong positive effect,Strong positive effect,Strong positive effect,Strong positive effect,Strong positive effect,Strong positive effect,Strong positive effect,,,London,Yes
135,135,Calthorpe,73,Female,Retired,,Pound,500 - 1000,High School,10-20 years,2008,more than 10 years,2008,Increased a lot,Increased a lot,Increased a little,Tried 3 or more foods never eaten before,05-Jun,50%,3,3,100.00%,Not so important,Very important,Very important,Very important,Very important,Very important,Very important,Neutral,Very important,Very important,Fairly important,Fairly important,Not so important,,,Strong positive effect,Strong positive effect,Strong positive effect,Strong positive effect,Strong positive effect,Strong negative effect,Strong negative effect,,,London,Yes
136,136,Calthorpe,16,Male,Full time student,,Pound,I don't want to answer,High School,Always lived in this country,2019,Less than 1 year,2019,Remained about the same,Remained about the same,Remained about the same,No,03-Apr,Don't know,,,NaN,Very important,Fairly important,Not so important,Not so important,Fairly important,Neutral,Neutral,Fairly important,Not so important,Fairly important,Fairly important,Neutral,Fairly important,,,Strong positive effect,No effect at all,No effect at all,Slight positive effect,No effect at all,Slight positive effect,No effect at all,,,London,Yes
137,137,Calthorpe,16,Male,,part time student,Pound,500 - 1000,High School,Always lived in this country,2010,Less than 1 year,2019,Remained about the same,Increased a little,Remained about the same,No,01-Feb,25%,3,0,0.00%,Fairly important,Fairly important,Fairly important,Fairly important,Fairly important,Very important,Very important,Very important,Very important,Very important,Very important,Very important,Very important,,,Slight positive effect,Slight positive effect,Slight positive effect,Slight positive effect,Slight positive effect,Slight positive effect,Slight negative effect,,,London,Yes
142,142,The Regent's Park Allotment Garden,31,Female,Unemployed,,Pound,500 - 1000,University degree,5-10 years,2009,1-5 years,2015,Increased a little,Increased a little,Increased a lot,Tried 3 or more foods never eaten before,03-Apr,25%,6,5,83.30%,Very important,Very important,Very important,Very important,Fairly important,Fairly important,Very important,Fairly important,Very important,Very important,Very important,Very important,Very important,,,Strong positive effect,Strong positive effect,Slight positive effect,Slight positive effect,No effect at all,Slight positive effect,Slight positive effect,,,London,Yes
143,143,The Regent's Park Allotment Garden,46,Male,Unemployed,,Pound,Less than 500,University degree,>20 years,1982,Less than 1 year,2019,Increased a little,Remained about the same,Increased a little,Tried 1-2 foods never eaten before,01-Feb,25%,4,3,75.00%,Fairly important,Very important,Very important,Very important,Very important,Fairly important,Very important,Not so important,Fairly important,Fairly important,Fairly important,Fairly important,Neutral,,,Strong positive effect,Slight positive effect,Slight positive effect,Slight positive effect,Slight positive effect,No effect at all,No effect at all,,,London,Yes
144,144,The Regent's Park Allotment Garden,70,Female,Retired,,Pound,I don't want to answer,I don't want to answer,>20 years,2011,1-5 years,2014,Increased a lot,Remained about the same,Increased a little,Tried 3 or more foods never eaten before,03-Apr,75%,3,2,66.70%,Fairly important,Neutral,Neutral,Fairly important,Fairly important,Neutral,Neutral,Neutral,Fairly important,Fairly important,Fairly important,Fairly important,Fairly important,,,Slight positive effect,Strong positive effect,Slight positive effect,Strong positive effect,Slight positive effect,No effect at all,No effect at all,,,London,Yes
145,145,The Regent's Park Allotment Garden,71,Female,Retired,,Pound,I don't want to answer,University degree,>20 years,2017,Less than 1 year,2019,Increased a lot,Increased a little,Increased a lot,Tried 3 or more foods never eaten before,05-Jun,25%,4,3,75.00%,Very important,Very important,Very important,Very important,Fairly important,Very important,Fairly important,Fairly important,Very important,Very important,Fairly important,Very important,Very important,,,Slight positive effect,Slight positive effect,Strong positive effect,Strong positive effect,Slight positive effect,Slight positive effect,Slight positive effect,,,London,Yes
